{"assets/fonts/CascadiaCode.ttf":["assets/fonts/CascadiaCode.ttf"],"assets/fonts/CascadiaMono.ttf":["assets/fonts/CascadiaMono.ttf"],"assets/fonts/JetBrainsMono-Bold.ttf":["assets/fonts/JetBrainsMono-Bold.ttf"],"assets/fonts/JetBrainsMono-Regular.ttf":["assets/fonts/JetBrainsMono-Regular.ttf"],"assets/fonts/NotoSansSC-VF.ttf":["assets/fonts/NotoSansSC-VF.ttf"],"assets/fonts/SourceCodePro-Regular.ttf":["assets/fonts/SourceCodePro-Regular.ttf"],"assets/icons/activity/.gitkeep":["assets/icons/activity/.gitkeep"],"assets/icons/file_types/.gitkeep":["assets/icons/file_types/.gitkeep"],"assets/icons/logo.png":["assets/icons/logo.png"],"packages/cupertino_icons/assets/CupertinoIcons.ttf":["packages/cupertino_icons/assets/CupertinoIcons.ttf"],"packages/font_awesome_flutter/lib/fonts/fa-brands-400.ttf":["packages/font_awesome_flutter/lib/fonts/fa-brands-400.ttf"],"packages/font_awesome_flutter/lib/fonts/fa-regular-400.ttf":["packages/font_awesome_flutter/lib/fonts/fa-regular-400.ttf"],"packages/font_awesome_flutter/lib/fonts/fa-solid-900.ttf":["packages/font_awesome_flutter/lib/fonts/fa-solid-900.ttf"],"packages/material_design_icons_flutter/lib/fonts/materialdesignicons-webfont.ttf":["packages/material_design_icons_flutter/lib/fonts/materialdesignicons-webfont.ttf"],"packages/phosphor_flutter/lib/fonts/Phosphor-Bold.ttf":["packages/phosphor_flutter/lib/fonts/Phosphor-Bold.ttf"],"packages/phosphor_flutter/lib/fonts/Phosphor-Duotone.ttf":["packages/phosphor_flutter/lib/fonts/Phosphor-Duotone.ttf"],"packages/phosphor_flutter/lib/fonts/Phosphor-Fill.ttf":["packages/phosphor_flutter/lib/fonts/Phosphor-Fill.ttf"],"packages/phosphor_flutter/lib/fonts/Phosphor-Light.ttf":["packages/phosphor_flutter/lib/fonts/Phosphor-Light.ttf"],"packages/phosphor_flutter/lib/fonts/Phosphor-Thin.ttf":["packages/phosphor_flutter/lib/fonts/Phosphor-Thin.ttf"],"packages/phosphor_flutter/lib/fonts/Phosphor.ttf":["packages/phosphor_flutter/lib/fonts/Phosphor.ttf"]}