[{"family":"MaterialIcons","fonts":[{"asset":"fonts/MaterialIcons-Regular.otf"}]},{"family":"JetBrainsMono","fonts":[{"asset":"assets/fonts/JetBrainsMono-Regular.ttf"},{"weight":700,"asset":"assets/fonts/JetBrainsMono-Bold.ttf"}]},{"family":"CascadiaCode","fonts":[{"asset":"assets/fonts/CascadiaCode.ttf"}]},{"family":"CascadiaMono","fonts":[{"asset":"assets/fonts/CascadiaMono.ttf"}]},{"family":"SourceCodePro","fonts":[{"asset":"assets/fonts/SourceCodePro-Regular.ttf"}]},{"family":"NotoSansSC","fonts":[{"asset":"assets/fonts/NotoSansSC-VF.ttf"}]},{"family":"packages/cupertino_icons/CupertinoIcons","fonts":[{"asset":"packages/cupertino_icons/assets/CupertinoIcons.ttf"}]},{"family":"packages/font_awesome_flutter/FontAwesomeBrands","fonts":[{"weight":400,"asset":"packages/font_awesome_flutter/lib/fonts/fa-brands-400.ttf"}]},{"family":"packages/font_awesome_flutter/FontAwesomeRegular","fonts":[{"weight":400,"asset":"packages/font_awesome_flutter/lib/fonts/fa-regular-400.ttf"}]},{"family":"packages/font_awesome_flutter/FontAwesomeSolid","fonts":[{"weight":900,"asset":"packages/font_awesome_flutter/lib/fonts/fa-solid-900.ttf"}]},{"family":"packages/material_design_icons_flutter/Material Design Icons","fonts":[{"asset":"packages/material_design_icons_flutter/lib/fonts/materialdesignicons-webfont.ttf"}]},{"family":"packages/phosphor_flutter/PhosphorBold","fonts":[{"weight":400,"asset":"packages/phosphor_flutter/lib/fonts/Phosphor-Bold.ttf"}]},{"family":"packages/phosphor_flutter/PhosphorDuotone","fonts":[{"weight":400,"asset":"packages/phosphor_flutter/lib/fonts/Phosphor-Duotone.ttf"}]},{"family":"packages/phosphor_flutter/PhosphorFill","fonts":[{"weight":400,"asset":"packages/phosphor_flutter/lib/fonts/Phosphor-Fill.ttf"}]},{"family":"packages/phosphor_flutter/PhosphorLight","fonts":[{"weight":400,"asset":"packages/phosphor_flutter/lib/fonts/Phosphor-Light.ttf"}]},{"family":"packages/phosphor_flutter/PhosphorThin","fonts":[{"weight":400,"asset":"packages/phosphor_flutter/lib/fonts/Phosphor-Thin.ttf"}]},{"family":"packages/phosphor_flutter/PhosphorRegular","fonts":[{"weight":400,"asset":"packages/phosphor_flutter/lib/fonts/Phosphor.ttf"}]}]